-- Script SQL para criação do banco de dados de gerenciamento de computadores
-- Criado para a empresa com base na planilha LevantamentoGeralMáquinasPGM.xlsx

-- Criação da tabela Modelo do Computador
DROP TABLE IF EXISTS patrimonio CASCADE;
DROP TABLE IF EXISTS gerencia CASCADE;
DROP TABLE IF EXISTS modelo_computador CASCADE;

CREATE TABLE modelo_computador (
    id SERIAL PRIMARY KEY,
    nome VARCHAR(255) NOT NULL, -- <-- ADICIONE ESTA LINHA!
    processador VARCHAR(255) NOT NULL,
    quantidade_ram VARCHAR(255) NOT NULL,
    tipo_ram VARCHAR(255) NOT NULL,
    sistema_operacional VARCHAR(255) NOT NULL,
    ssd BOOLEAN NOT NULL
);

-- Criação da tabela Gerência
CREATE TABLE gerencia (
    id SERIAL PRIMARY KEY,
    nome TEXT NOT NULL UNIQUE
);

-- Criação da tabela Patrimônio
CREATE TABLE patrimonio (
    id SERIAL PRIMARY KEY,
    patrimonio TEXT NOT NULL UNIQUE,
    nome_servidor_responsavel TEXT NOT NULL,
    modelo_id INTEGER NOT NULL,
    gerencia_id INTEGER NOT NULL,
    FOREIGN KEY (modelo_id) REFERENCES modelo_computador(id),
    FOREIGN KEY (gerencia_id) REFERENCES gerencia(id)
);

-- Inserção dos dados na tabela modelo_computador
INSERT INTO modelo_computador (id, nome, processador, quantidade_ram, tipo_ram, sistema_operacional, ssd) VALUES
(1, 'Arquimedes H110', 'i3 7100', '4GB', 'DDR4', '10', FALSE),
(2, 'Daten ou Positivo Antigo', 'i3 4100', '4GB', 'DDR3', '8', FALSE),
(3, 'Positivo D6200', 'i3 8100', '16GB', 'DDR4', '11', TRUE),
(4, 'Lenovo M75s', 'Ryzen 5 PRO 5650G', '16GB', 'DDR4', '11', TRUE),
(5, 'Positivo Antigo modificado', 'i3 4100', '16GB', 'DDR3', '8', FALSE);

-- Inserção dos dados na tabela gerencia
INSERT INTO gerencia (id, nome) VALUES
(1, 'Andar 2'),
(2, 'Assejur SMASAC'),
(3, 'Assejur SMSA'),
(4, 'DIAJ - CARTORIO'),
(5, 'DIAJ - DIRETORIA'),
(6, 'DIAJ - DISTRIBUICAO'),
(7, 'DIAJ - DISTRIBUIÇAO'),
(8, 'DIAJ - DISTRIBUIÇÃO'),
(9, 'DIAJ - PROTOCOLO'),
(10, 'DIAJ - RPV'),
(11, 'DICP'),
(12, 'DPGF'),
(13, 'DTAT - INFORMATICA'),
(14, 'GEPESS DIRETORIA'),
(15, 'GEPESS GAB.'),
(16, 'RECEPÇÃO GAB.'),
(17, 'SALA 1'),
(18, 'SALA 10'),
(19, 'SALA 11'),
(20, 'SALA 12'),
(21, 'SALA 13'),
(22, 'SALA 2'),
(23, 'SALA 3'),
(24, 'Sala 4'),
(25, 'SALA 4'),
(26, 'SALA 5'),
(27, 'SALA 6'),
(28, 'SALA 7'),
(29, 'SALA 8'),
(30, 'SALA 9'),
(31, 'SALA CHEFE GAB.'),
(32, 'SALA DE REUNIAO'),
(33, 'SALA DO PROC. GERAL'),
(34, 'SALA SUBPROC. GERAL'),
(35, 'zAlmoxarifado');



-- Inserção dos dados na tabela patrimonio
INSERT INTO patrimonio (id, patrimonio, nome_servidor_responsavel, modelo_id, gerencia_id) VALUES
(1, '10574', 'Cristine Rattes', 1, 1),
(2, '10547', 'Estação', 1, 2),
(3, '94959', 'Estação', 2, 2),
(4, '97401', 'Estação', 2, 2),
(5, '10584', 'Estação', 1, 3),
(6, '94926', 'Estação', 2, 4),
(7, '5687', 'Estação', 2, 4),
(8, '97411', 'Estação', 2, 4),
(9, '10528', 'Estação', 1, 4),
(10, '10617', 'Luciana Melo/Marcia', 1, 4),
(11, '18517', 'Marta Elena', 3, 4),
(12, '10551', 'Estação', 1, 4),
(13, '18513', 'Barbara Magalhaes', 3, 5),
(14, '20758', 'Karina Gomes', 3, 5),
(15, '10545', 'Adelson', 1, 6),
(16, '18519', 'Maria Isabel', 3, 7),
(17, '34568', 'Karine Lanza', 3, 8),
(18, '34570', 'Gislaine', 3, 8),
(19, '10537', 'Adriano', 1, 8),
(20, '20762', 'Ana Laura', 3, 8),
(21, '10555', 'Alessandra', 1, 8),
(22, '19188', 'Gracielle', 3, 8),
(23, '34571', 'Ernesto', 3, 8),
(24, '10604', 'Tatiana', 1, 8),
(25, '10562', 'Cristiane Lima', 1, 8),
(26, '19189', 'Raquel', 3, 8),
(27, '18527', 'Ricardo Carvalho', 3, 8),
(28, '18537', 'Luciana Pessoa', 3, 8),
(29, '20761', 'Elane', 3, 8),
(30, '20766', 'Maria Lopes', 3, 8),
(31, '10525', 'Estação', 1, 8),
(32, '20767', 'Carolina Francisco', 3, 8),
(33, '18536', 'Ronaldo', 3, 8),
(34, '10609', 'Paula', 1, 8),
(35, '20768', 'Cristine Rattes', 3, 8),
(36, '10556', 'Joyce', 1, 8),
(37, '18521', 'Bruno Lage', 3, 8),
(38, '94928', 'Estação', 2, 8),
(39, '97406', 'Estação', 2, 8),
(40, '94934', 'Estaçao', 2, 8),
(41, '18526', 'Ao Lado da Karine', 3, 8),
(42, '18502', 'Ranaiza', 3, 8),
(43, '10522', 'Estação', 1, 8),
(44, '10527', 'Estação', 1, 9),
(45, '94917', 'Estação', 2, 9),
(46, '20756', 'Kaua', 3, 9),
(47, '10571', 'Estação', 1, 9),
(48, '20759', 'Digitalizacao', 3, 9),
(49, '97430', 'Mauricio', 2, 9),
(50, '18518', 'Digitalizacao', 3, 9),
(51, '10521', 'Estação', 1, 10),
(52, '10557', 'Marlene', 1, 10),
(53, '34569', 'Cristina', 3, 10),
(54, '10615', 'Josina', 1, 10),
(55, '97418', 'Estação', 2, 10),
(56, '10531', 'Estação', 1, 10),
(57, '18515', 'Karla Patricia', 3, 10),
(58, '18534', 'Elaine Mendes', 3, 10),
(59, '10595', 'Talita', 1, 10),
(60, '10546', 'Luciana', 1, 10),
(61, '10608', 'Flaviana', 1, 10),
(62, '10536', 'Cleidiane', 1, 10),
(63, '94956', 'Mariana de Aguiar', 2, 10),
(64, '97413', 'Andreia', 2, 10),
(65, '97393', 'Carlos', 2, 10),
(66, '94918', 'Helio', 2, 10),
(67, '18505', 'Kenia Aparecida', 3, 11),
(68, '20748', 'Josue Denio', 3, 11),
(69, '34567', 'Rosemaire Ferreira', 3, 11),
(70, '18503', 'Marta Paulino', 3, 11),
(71, '18504', 'Ana Claudia Praxedes', 3, 11),
(72, '10590', 'Estação', 1, 11),
(73, '10540', 'Irade', 1, 11),
(74, '10542', 'Estação', 1, 11),
(75, '10558', 'Maria Aparecida dos Santos', 1, 11),
(76, '20750', 'Edmar', 3, 11),
(77, '10601', 'Ana Carolina Pousa', 1, 11),
(78, '10600', 'Gabriela Evangelista', 1, 11),
(79, '10589', 'Adriana Miranda', 1, 11),
(80, '10602', 'Estação', 1, 11),
(81, '20755', 'Vitória Dias', 3, 11),
(82, '10533', 'Vitoria Dias', 1, 11),
(83, '10538', 'Denise Maria', 1, 11),
(84, '10605', 'Widler', 1, 11),
(85, '18522', 'Jose Affonso', 3, 11),
(86, '20747', 'Irade', 3, 11),
(87, '20749', 'Michelle Cristiane', 3, 11),
(88, '10543', 'Kenia Aparecida', 1, 11),
(89, '97428', 'Estação', 2, 11),
(90, '94948', 'Cristina Maria', 2, 11),
(91, '18524', 'Margareth Gomes', 3, 11),
(92, '5690', 'Estação Remota', 2, 12),
(93, '10610', 'Estação', 1, 12),
(94, '97395', 'Estação', 2, 12),
(95, '18506', 'Dircy', 3, 12),
(96, '20753', 'Simone', 3, 12),
(97, '20754', 'Laura', 3, 12),
(98, '18531', 'Ana Cristina', 3, 12),
(99, '18507', 'Fernanda Machado', 3, 12),
(100, '18532', 'Fernanda', 3, 12),
(101, '20752', 'Silvia', 3, 12),
(102, '20757', 'Washington', 3, 12),
(103, '20751', 'Rodrigo', 3, 12),
(104, '18510', 'Isabel', 3, 12),
(105, '10529', 'Helio', 1, 12),
(106, '18508', 'Claudia', 3, 12),
(107, '10532', 'Antonio', 1, 12),
(108, '18511', 'Ricardo', 3, 12),
(109, '10581', '-', 1, 12),
(110, '51009', 'Rafael Assumpção', 4, 13),
(111, '70703', 'Marco Ribeiro', 4, 13),
(112, '70816', 'Danilo Rodrigues', 4, 13),
(113, '70779', 'Isaac Martins', 4, 13),
(114, '51030', 'Danilo Lima', 4, 13),
(115, '70778', 'Francisco Meirelles', 4, 13),
(116, '18512', 'Cristhian', 3, 13),
(117, '10580', 'Servidor RENAVAN', 1, 13),
(118, '94947', 'Estação', 5, 13),
(119, '94906', 'Servidor SUPP', 5, 13),
(120, '94933', 'Servidor SUPP', 5, 13),
(121, '94931', 'Servidor SUPP', 5, 13),
(122, '94945', 'Servidor SUPP', 5, 13),
(123, '94929', 'Servidor SUPP', 5, 13),
(124, '94961', 'Servidor SUPP', 5, 13),
(125, '18529', 'Raphael Bessa', 3, 14),
(126, '10577', 'Estação', 1, 14),
(127, '18538', 'Duda', 3, 15),
(128, '20760', 'Chamado/Valeria', 3, 15),
(129, '10592', 'Valeria', 1, 15),
(130, '18501', 'Thiago', 3, 15),
(131, '18530', 'Angela', 3, 15),
(132, '18516', 'Luiza', 3, 15),
(133, '10594', 'Estação', 1, 16),
(134, '18520', 'Aparecida Tavares', 3, 16),
(135, '10569', 'Marina França', 1, 17),
(136, '97417', 'Renato Jose', 2, 17),
(137, '5688', 'Daniel Barros', 2, 17),
(138, '18525', 'Luciana Camargo/VInicius Magalhaes', 3, 17),
(139, '18523', 'Vinicius Nascimento/Guilherme', 3, 18),
(140, '10614', 'Leandro Penido', 1, 18),
(141, '10572', 'Carlos Ruas', 1, 18),
(142, '97571', 'Luiz Roberto', 2, 18),
(143, '10603', 'Maria Jocélia', 1, 19),
(144, '10599', 'Romero', 1, 19),
(145, '10598', 'Anna Júlia', 1, 19),
(146, '10549', 'Walter Santos', 1, 19),
(147, '97419', 'Luiz Olavo', 2, 20),
(148, '10613', 'Victor Teixeira', 1, 20),
(149, '10606', 'Yves', 1, 20),
(150, '19190', 'Luiz Felipe', 3, 20),
(151, '10585', 'Marina Ferreira', 1, 21),
(152, '10563', 'Marina Saad', 1, 21),
(153, '10607', 'Daniela Carla', 1, 21),
(154, '20765', 'Ingrid/Ana Magnabosco', 3, 22),
(155, '10567', 'Matheus Canazart', 1, 22),
(156, '10618', 'Estação', 1, 22),
(157, '10575', 'Estação', 1, 22),
(158, '10579', 'Claudia Cristina', 1, 23),
(159, '10570', 'Lucienne Pitchon', 1, 23),
(160, '10582', 'Junia Franco', 1, 23),
(161, '18528', 'Alexandre Augusto', 3, 23),
(162, '19187', 'James Henrique', 3, 24),
(163, '10586', 'Eduardo Vilela', 1, 24),
(164, '10578', 'Cristiano Reis', 1, 25),
(165, '10523', 'Paulo Grahal', 1, 25),
(166, '10548', 'James Henrique', 1, 25),
(167, '10593', 'Marcelo Veiga', 1, 26),
(168, '20764', 'Bruno Pereira', 3, 26),
(169, '20763', 'Rodrigo Rabelo', 3, 26),
(170, '20769', 'Ricardo Perez', 3, 26),
(171, '10587', 'Rafael Dutra', 1, 27),
(172, '10564', 'Ana Cláudia', 1, 27),
(173, '10576', 'Vitória Jacob', 1, 27),
(174, '10573', 'Heloísa Carvalho', 1, 27),
(175, '10535', 'Estação', 1, 28),
(176, '10534', 'Fernando Magalhães', 1, 28),
(177, '10530', 'Camila Pyramo', 1, 28),
(178, '10568', 'Fernando Couto', 1, 28),
(179, '10597', 'Delze Laureano', 1, 29),
(180, '10583', 'Luiz Fernando', 1, 29),
(181, '97405', 'Carlos Roedel', 2, 29),
(182, '18514', 'Pedro Victor/Rusvel Beltrame', 3, 29),
(183, '10524', 'Jéssica Zanco', 1, 30),
(184, '10620', 'Renata Sena', 1, 30),
(185, '10561', 'Júlio Cesar', 1, 30),
(186, '10541', 'Hercilia Procopio', 1, 30),
(187, '18509', 'Felipe', 3, 31),
(188, '94941', 'Reunião', 2, 32),
(189, '18535', 'Hercules Guerra', 3, 33),
(190, '18533', 'Izabela Boaventura', 3, 34),
(191, '10559', 'Estação', 1, 34),
(192, '94939', 'nan', 2, 35),
(193, '10591', 'nan', 1, 35),
(194, '10619', 'nan', 1, 35),
(195, '97420', 'Eduardo Magalhães', 2, 35),
(196, '97412', 'Estação', 2, 35),
(197, '10566', 'Estação', 1, 35),
(198, '10560', 'Estação', 1, 35),
(199, '10588', 'Estação', 1, 35),
(200, '94944', 'Estação', 2, 35),
(201, '97400', 'Estação', 2, 35),
(202, '97436', 'Estação', 2, 35),
(203, '97583', 'Estação', 2, 35),
(204, '94916', 'Estação', 2, 35),
(205, '94924', 'Estação', 2, 35);

